,Concentration,Sensor,Readings,1-Octanol,1-Propanol,2-Butanol,2-propanol,1-isobutanol
0,0.2,0.5,-10.06,1,0,0,0,0
1,0.2,0.5,-10.62,1,0,0,0,0
2,0.3,0.5,-14.43,1,0,0,0,0
3,0.3,0.5,-18.31,1,0,0,0,0
4,0.4,0.5,-24.64,1,0,0,0,0
5,0.4,0.5,-30.56,1,0,0,0,0
6,0.5,0.5,-38.62,1,0,0,0,0
7,0.5,0.5,-45.59,1,0,0,0,0
8,0.6,0.5,-54.89,1,0,0,0,0
9,0.6,0.5,-62.28,1,0,0,0,0
10,0.2,0.5,-9.69,1,0,0,0,0
11,0.2,0.5,-10.86,1,0,0,0,0
12,0.3,0.5,-16.73,1,0,0,0,0
13,0.3,0.5,-21.75,1,0,0,0,0
14,0.4,0.5,-28.47,1,0,0,0,0
15,0.4,0.5,-35.83,1,0,0,0,0
16,0.5,0.5,-43.65,1,0,0,0,0
17,0.5,0.5,-52.43,1,0,0,0,0
18,0.6,0.5,-61.92,1,0,0,0,0
19,0.6,0.5,-71.27,1,0,0,0,0
20,0.2,0.5,-12.07,1,0,0,0,0
21,0.2,0.5,-14.28,1,0,0,0,0
22,0.3,0.5,-21.54,1,0,0,0,0
23,0.3,0.5,-27.92,1,0,0,0,0
24,0.4,0.5,-35.19,1,0,0,0,0
25,0.4,0.5,-43.94,1,0,0,0,0
26,0.5,0.5,-52.04,1,0,0,0,0
27,0.5,0.5,-62.49,1,0,0,0,0
28,0.6,0.5,-71.97,1,0,0,0,0
29,0.6,0.5,-83.1,1,0,0,0,0
30,0.2,0.5,-14.21,1,0,0,0,0
31,0.2,0.5,-17.41,1,0,0,0,0
32,0.3,0.5,-25.91,1,0,0,0,0
33,0.3,0.5,-33.36,1,0,0,0,0
34,0.4,0.5,-41.29,1,0,0,0,0
35,0.4,0.5,-51.27,1,0,0,0,0
36,0.5,0.5,-59.94,1,0,0,0,0
37,0.5,0.5,-71.55,1,0,0,0,0
38,0.6,0.5,-81.51,1,0,0,0,0
39,0.6,0.5,-93.83,1,0,0,0,0
40,0.2,0.5,-16.57,1,0,0,0,0
41,0.2,0.5,-20.35,1,0,0,0,0
42,0.3,0.5,-29.97,1,0,0,0,0
43,0.3,0.5,-37.84,1,0,0,0,0
44,0.4,0.5,-47.03,1,0,0,0,0
45,0.4,0.5,-57.29,1,0,0,0,0
46,0.5,0.5,-67.13,1,0,0,0,0
47,0.5,0.5,-78.96,1,0,0,0,0
48,0.6,0.5,-90.01,1,0,0,0,0
49,0.6,0.5,-102.65,1,0,0,0,0
50,0.2,0.5,-75.61,0,1,0,0,0
51,0.2,0.5,-64.1,0,1,0,0,0
52,0.3,0.5,-122.08,0,1,0,0,0
53,0.3,0.5,-102.17,0,1,0,0,0
54,0.4,0.5,-174.79,0,1,0,0,0
55,0.4,0.5,-145.5,0,1,0,0,0
56,0.5,0.5,-214.69,0,1,0,0,0
57,0.5,0.5,-177.3,0,1,0,0,0
58,0.6,0.5,-250.83,0,1,0,0,0
59,0.6,0.5,-207.99,0,1,0,0,0
60,0.2,0.5,-76.28,0,1,0,0,0
61,0.2,0.5,-64.53,0,1,0,0,0
62,0.3,0.5,-123.4,0,1,0,0,0
63,0.3,0.5,-103.06,0,1,0,0,0
64,0.4,0.5,-174.74,0,1,0,0,0
65,0.4,0.5,-144.98,0,1,0,0,0
66,0.5,0.5,-206.75,0,1,0,0,0
67,0.5,0.5,-170.68,0,1,0,0,0
68,0.6,0.5,-240.14,0,1,0,0,0
69,0.6,0.5,-200.05,0,1,0,0,0
70,0.2,0.5,-76.96,0,1,0,0,0
71,0.2,0.5,-65.37,0,1,0,0,0
72,0.3,0.5,-124.5,0,1,0,0,0
73,0.3,0.5,-103.87,0,1,0,0,0
74,0.4,0.5,-169.93,0,1,0,0,0
75,0.4,0.5,-140.56,0,1,0,0,0
76,0.5,0.5,-200.89,0,1,0,0,0
77,0.5,0.5,-165.88,0,1,0,0,0
78,0.6,0.5,-232.82,0,1,0,0,0
79,0.6,0.5,-194.7,0,1,0,0,0
80,0.2,0.5,-78.29,0,1,0,0,0
81,0.2,0.5,-66.49,0,1,0,0,0
82,0.3,0.5,-125.78,0,1,0,0,0
83,0.3,0.5,-104.77,0,1,0,0,0
84,0.4,0.5,-165.42,0,1,0,0,0
85,0.4,0.5,-136.17,0,1,0,0,0
86,0.5,0.5,-196.1,0,1,0,0,0
87,0.5,0.5,-161.99,0,1,0,0,0
88,0.6,0.5,-226.89,0,1,0,0,0
89,0.6,0.5,-189.57,0,1,0,0,0
90,0.2,0.5,-79.62,0,1,0,0,0
91,0.2,0.5,-66.85,0,1,0,0,0
92,0.3,0.5,-126.61,0,1,0,0,0
93,0.3,0.5,-104.38,0,1,0,0,0
94,0.4,0.5,-162.73,0,1,0,0,0
95,0.4,0.5,-133.26,0,1,0,0,0
96,0.5,0.5,-194.87,0,1,0,0,0
97,0.5,0.5,-160.68,0,1,0,0,0
98,0.6,0.5,-221.33,0,1,0,0,0
99,0.6,0.5,-183.81,0,1,0,0,0
100,0.2,0.5,-88.03,0,0,1,0,0
101,0.2,0.5,-76.88,0,0,1,0,0
102,0.3,0.5,-128.47,0,0,1,0,0
103,0.3,0.5,-124.36,0,0,1,0,0
104,0.4,0.5,-177.13,0,0,1,0,0
105,0.4,0.5,-175.21,0,0,1,0,0
106,0.5,0.5,-220.91,0,0,1,0,0
107,0.5,0.5,-218.92,0,0,1,0,0
108,0.6,0.5,-274.27,0,0,1,0,0
109,0.6,0.5,-268.55,0,0,1,0,0
110,0.2,0.5,-91.08,0,0,1,0,0
111,0.2,0.5,-79.42,0,0,1,0,0
112,0.3,0.5,-131.32,0,0,1,0,0
113,0.3,0.5,-125.91,0,0,1,0,0
114,0.4,0.5,-182.66,0,0,1,0,0
115,0.4,0.5,-178.76,0,0,1,0,0
116,0.5,0.5,-224.73,0,0,1,0,0
117,0.5,0.5,-221.49,0,0,1,0,0
118,0.6,0.5,-272.67,0,0,1,0,0
119,0.6,0.5,-266.15,0,0,1,0,0
120,0.2,0.5,-92.08,0,0,1,0,0
121,0.2,0.5,-80.56,0,0,1,0,0
122,0.3,0.5,-132.5,0,0,1,0,0
123,0.3,0.5,-126.99,0,0,1,0,0
124,0.4,0.5,-183.33,0,0,1,0,0
125,0.4,0.5,-179.25,0,0,1,0,0
126,0.5,0.5,-222.6,0,0,1,0,0
127,0.5,0.5,-219.52,0,0,1,0,0
128,0.6,0.5,-264.81,0,0,1,0,0
129,0.6,0.5,-259.99,0,0,1,0,0
130,0.2,0.5,-92.58,0,0,1,0,0
131,0.2,0.5,-81.3,0,0,1,0,0
132,0.3,0.5,-133.54,0,0,1,0,0
133,0.3,0.5,-127.76,0,0,1,0,0
134,0.4,0.5,-182.34,0,0,1,0,0
135,0.4,0.5,-177.94,0,0,1,0,0
136,0.5,0.5,-217.73,0,0,1,0,0
137,0.5,0.5,-215.09,0,0,1,0,0
138,0.6,0.5,-255.14,0,0,1,0,0
139,0.6,0.5,-251.88,0,0,1,0,0
140,0.2,0.5,-93.29,0,0,1,0,0
141,0.2,0.5,-81.88,0,0,1,0,0
142,0.3,0.5,-133.96,0,0,1,0,0
143,0.3,0.5,-127.68,0,0,1,0,0
144,0.4,0.5,-178.29,0,0,1,0,0
145,0.4,0.5,-173.59,0,0,1,0,0
146,0.5,0.5,-211.85,0,0,1,0,0
147,0.5,0.5,-209.7,0,0,1,0,0
148,0.6,0.5,-248.13,0,0,1,0,0
149,0.6,0.5,-245.84,0,0,1,0,0
150,0.2,0.5,-68.84,0,0,0,1,0
151,0.2,0.5,-78.0,0,0,0,1,0
152,0.3,0.5,-97.04,0,0,0,1,0
153,0.3,0.5,-107.38,0,0,0,1,0
154,0.4,0.5,-128.66,0,0,0,1,0
155,0.4,0.5,-138.16,0,0,0,1,0
156,0.5,0.5,-152.78,0,0,0,1,0
157,0.5,0.5,-159.83,0,0,0,1,0
158,0.6,0.5,-185.98,0,0,0,1,0
159,0.6,0.5,-191.71,0,0,0,1,0
160,0.2,0.5,-67.95,0,0,0,1,0
161,0.2,0.5,-76.82,0,0,0,1,0
162,0.3,0.5,-95.08,0,0,0,1,0
163,0.3,0.5,-105.21,0,0,0,1,0
164,0.4,0.5,-123.29,0,0,0,1,0
165,0.4,0.5,-132.91,0,0,0,1,0
166,0.5,0.5,-146.27,0,0,0,1,0
167,0.5,0.5,-153.75,0,0,0,1,0
168,0.6,0.5,-176.94,0,0,0,1,0
169,0.6,0.5,-184.07,0,0,0,1,0
170,0.2,0.5,-67.29,0,0,0,1,0
171,0.2,0.5,-75.99,0,0,0,1,0
172,0.3,0.5,-94.75,0,0,0,1,0
173,0.3,0.5,-104.77,0,0,0,1,0
174,0.4,0.5,-118.7,0,0,0,1,0
175,0.4,0.5,-128.29,0,0,0,1,0
176,0.5,0.5,-142.31,0,0,0,1,0
177,0.5,0.5,-150.07,0,0,0,1,0
178,0.6,0.5,-172.51,0,0,0,1,0
179,0.6,0.5,-180.33,0,0,0,1,0
180,0.2,0.5,-66.38,0,0,0,1,0
181,0.2,0.5,-74.97,0,0,0,1,0
182,0.3,0.5,-93.75,0,0,0,1,0
183,0.3,0.5,-103.66,0,0,0,1,0
184,0.4,0.5,-114.96,0,0,0,1,0
185,0.4,0.5,-124.23,0,0,0,1,0
186,0.5,0.5,-139.18,0,0,0,1,0
187,0.5,0.5,-147.22,0,0,0,1,0
188,0.6,0.5,-170.52,0,0,0,1,0
189,0.6,0.5,-178.7,0,0,0,1,0
190,0.2,0.5,-66.12,0,0,0,1,0
191,0.2,0.5,-74.25,0,0,0,1,0
192,0.3,0.5,-93.09,0,0,0,1,0
193,0.3,0.5,-102.5,0,0,0,1,0
194,0.4,0.5,-111.78,0,0,0,1,0
195,0.4,0.5,-120.95,0,0,0,1,0
196,0.5,0.5,-136.83,0,0,0,1,0
197,0.5,0.5,-145.02,0,0,0,1,0
198,0.6,0.5,-168.05,0,0,0,1,0
199,0.6,0.5,-175.16,0,0,0,1,0
200,0.2,0.5,-65.56,0,0,0,0,1
201,0.2,0.5,-71.66,0,0,0,0,1
202,0.3,0.5,-100.34,0,0,0,0,1
203,0.3,0.5,-109.75,0,0,0,0,1
204,0.4,0.5,-148.72,0,0,0,0,1
205,0.4,0.5,-157.43,0,0,0,0,1
206,0.5,0.5,-208.83,0,0,0,0,1
207,0.5,0.5,-212.29,0,0,0,0,1
208,0.6,0.5,-268.57,0,0,0,0,1
209,0.6,0.5,-268.95,0,0,0,0,1
210,0.2,0.5,-65.95,0,0,0,0,1
211,0.2,0.5,-72.17,0,0,0,0,1
212,0.3,0.5,-101.82,0,0,0,0,1
213,0.3,0.5,-111.37,0,0,0,0,1
214,0.4,0.5,-151.04,0,0,0,0,1
215,0.4,0.5,-159.59,0,0,0,0,1
216,0.5,0.5,-211.86,0,0,0,0,1
217,0.5,0.5,-214.85,0,0,0,0,1
218,0.6,0.5,-269.62,0,0,0,0,1
219,0.6,0.5,-270.97,0,0,0,0,1
220,0.2,0.5,-66.42,0,0,0,0,1
221,0.2,0.5,-72.72,0,0,0,0,1
222,0.3,0.5,-103.32,0,0,0,0,1
223,0.3,0.5,-112.74,0,0,0,0,1
224,0.4,0.5,-152.73,0,0,0,0,1
225,0.4,0.5,-161.12,0,0,0,0,1
226,0.5,0.5,-215.4,0,0,0,0,1
227,0.5,0.5,-217.42,0,0,0,0,1
228,0.6,0.5,-269.84,0,0,0,0,1
229,0.6,0.5,-271.73,0,0,0,0,1
230,0.2,0.5,-66.51,0,0,0,0,1
231,0.2,0.5,-73.04,0,0,0,0,1
232,0.3,0.5,-104.47,0,0,0,0,1
233,0.3,0.5,-113.72,0,0,0,0,1
234,0.4,0.5,-154.3,0,0,0,0,1
235,0.4,0.5,-162.43,0,0,0,0,1
236,0.5,0.5,-216.46,0,0,0,0,1
237,0.5,0.5,-217.99,0,0,0,0,1
238,0.6,0.5,-267.13,0,0,0,0,1
239,0.6,0.5,-269.45,0,0,0,0,1
240,0.2,0.5,-66.68,0,0,0,0,1
241,0.2,0.5,-73.19,0,0,0,0,1
242,0.3,0.5,-105.21,0,0,0,0,1
243,0.3,0.5,-113.27,0,0,0,0,1
244,0.4,0.5,-154.42,0,0,0,0,1
245,0.4,0.5,-161.48,0,0,0,0,1
246,0.5,0.5,-215.52,0,0,0,0,1
247,0.5,0.5,-216.68,0,0,0,0,1
248,0.6,0.5,-262.01,0,0,0,0,1
249,0.6,0.5,-263.28,0,0,0,0,1
250,0.2,1.0,-11.82,1,0,0,0,0
251,0.2,1.0,-13.29,1,0,0,0,0
252,0.3,1.0,-19.32,1,0,0,0,0
253,0.3,1.0,-26.28,1,0,0,0,0
254,0.4,1.0,-38.14,1,0,0,0,0
255,0.4,1.0,-50.09,1,0,0,0,0
256,0.5,1.0,-59.78,1,0,0,0,0
257,0.5,1.0,-75.04,1,0,0,0,0
258,0.6,1.0,-85.63,1,0,0,0,0
259,0.6,1.0,-104.66,1,0,0,0,0
260,0.2,1.0,-11.54,1,0,0,0,0
261,0.2,1.0,-14.18,1,0,0,0,0
262,0.3,1.0,-25.35,1,0,0,0,0
263,0.3,1.0,-32.75,1,0,0,0,0
264,0.4,1.0,-48.77,1,0,0,0,0
265,0.4,1.0,-60.08,1,0,0,0,0
266,0.5,1.0,-75.41,1,0,0,0,0
267,0.5,1.0,-89.72,1,0,0,0,0
268,0.6,1.0,-104.25,1,0,0,0,0
269,0.6,1.0,-121.9,1,0,0,0,0
270,0.2,1.0,-12.45,1,0,0,0,0
271,0.2,1.0,-15.81,1,0,0,0,0
272,0.3,1.0,-33.33,1,0,0,0,0
273,0.3,1.0,-40.64,1,0,0,0,0
274,0.4,1.0,-61.5,1,0,0,0,0
275,0.4,1.0,-72.12,1,0,0,0,0
276,0.5,1.0,-91.75,1,0,0,0,0
277,0.5,1.0,-104.67,1,0,0,0,0
278,0.6,1.0,-124.21,1,0,0,0,0
279,0.6,1.0,-139.76,1,0,0,0,0
280,0.2,1.0,-14.67,1,0,0,0,0
281,0.2,1.0,-18.49,1,0,0,0,0
282,0.3,1.0,-40.56,1,0,0,0,0
283,0.3,1.0,-47.67,1,0,0,0,0
284,0.4,1.0,-72.11,1,0,0,0,0
285,0.4,1.0,-82.19,1,0,0,0,0
286,0.5,1.0,-106.26,1,0,0,0,0
287,0.5,1.0,-118.26,1,0,0,0,0
288,0.6,1.0,-141.95,1,0,0,0,0
289,0.6,1.0,-155.84,1,0,0,0,0
290,0.2,1.0,-18.07,1,0,0,0,0
291,0.2,1.0,-19.74,1,0,0,0,0
292,0.3,1.0,-47.08,1,0,0,0,0
293,0.3,1.0,-53.5,1,0,0,0,0
294,0.4,1.0,-81.15,1,0,0,0,0
295,0.4,1.0,-89.81,1,0,0,0,0
296,0.5,1.0,-117.91,1,0,0,0,0
297,0.5,1.0,-128.1,1,0,0,0,0
298,0.6,1.0,-156.66,1,0,0,0,0
299,0.6,1.0,-168.72,1,0,0,0,0
300,0.2,1.0,-98.63,0,1,0,0,0
301,0.2,1.0,-97.92,0,1,0,0,0
302,0.3,1.0,-137.15,0,1,0,0,0
303,0.3,1.0,-131.93,0,1,0,0,0
304,0.4,1.0,-191.17,0,1,0,0,0
305,0.4,1.0,-180.52,0,1,0,0,0
306,0.5,1.0,-260.06,0,1,0,0,0
307,0.5,1.0,-240.69,0,1,0,0,0
308,0.6,1.0,-352.22,0,1,0,0,0
309,0.6,1.0,-321.2,0,1,0,0,0
310,0.2,1.0,-96.62,0,1,0,0,0
311,0.2,1.0,-96.5,0,1,0,0,0
312,0.3,1.0,-136.86,0,1,0,0,0
313,0.3,1.0,-131.75,0,1,0,0,0
314,0.4,1.0,-192.76,0,1,0,0,0
315,0.4,1.0,-182.3,0,1,0,0,0
316,0.5,1.0,-264.07,0,1,0,0,0
317,0.5,1.0,-245.29,0,1,0,0,0
318,0.6,1.0,-357.64,0,1,0,0,0
319,0.6,1.0,-327.04,0,1,0,0,0
320,0.2,1.0,-95.58,0,1,0,0,0
321,0.2,1.0,-95.61,0,1,0,0,0
322,0.3,1.0,-137.43,0,1,0,0,0
323,0.3,1.0,-132.2,0,1,0,0,0
324,0.4,1.0,-193.5,0,1,0,0,0
325,0.4,1.0,-183.3,0,1,0,0,0
326,0.5,1.0,-266.77,0,1,0,0,0
327,0.5,1.0,-248.06,0,1,0,0,0
328,0.6,1.0,-359.32,0,1,0,0,0
329,0.6,1.0,-329.25,0,1,0,0,0
330,0.2,1.0,-94.48,0,1,0,0,0
331,0.2,1.0,-94.49,0,1,0,0,0
332,0.3,1.0,-136.49,0,1,0,0,0
333,0.3,1.0,-132.39,0,1,0,0,0
334,0.4,1.0,-193.9,0,1,0,0,0
335,0.4,1.0,-184.2,0,1,0,0,0
336,0.5,1.0,-267.82,0,1,0,0,0
337,0.5,1.0,-249.31,0,1,0,0,0
338,0.6,1.0,-361.72,0,1,0,0,0
339,0.6,1.0,-331.38,0,1,0,0,0
340,0.2,1.0,-94.04,0,1,0,0,0
341,0.2,1.0,-93.29,0,1,0,0,0
342,0.3,1.0,-136.13,0,1,0,0,0
343,0.3,1.0,-130.11,0,1,0,0,0
344,0.4,1.0,-194.96,0,1,0,0,0
345,0.4,1.0,-183.4,0,1,0,0,0
346,0.5,1.0,-267.72,0,1,0,0,0
347,0.5,1.0,-249.56,0,1,0,0,0
348,0.6,1.0,-360.72,0,1,0,0,0
349,0.6,1.0,-330.82,0,1,0,0,0
350,0.2,1.0,-90.31,0,0,1,0,0
351,0.2,1.0,-97.75,0,0,1,0,0
352,0.3,1.0,-159.99,0,0,1,0,0
353,0.3,1.0,-153.6,0,0,1,0,0
354,0.4,1.0,-248.81,0,0,1,0,0
355,0.4,1.0,-219.47,0,0,1,0,0
356,0.5,1.0,-337.16,0,0,1,0,0
357,0.5,1.0,-287.02,0,0,1,0,0
358,0.6,1.0,-427.01,0,0,1,0,0
359,0.6,1.0,-360.56,0,0,1,0,0
360,0.2,1.0,-93.79,0,0,1,0,0
361,0.2,1.0,-99.97,0,0,1,0,0
362,0.3,1.0,-164.98,0,0,1,0,0
363,0.3,1.0,-156.41,0,0,1,0,0
364,0.4,1.0,-255.59,0,0,1,0,0
365,0.4,1.0,-223.56,0,0,1,0,0
366,0.5,1.0,-341.09,0,0,1,0,0
367,0.5,1.0,-289.88,0,0,1,0,0
368,0.6,1.0,-426.05,0,0,1,0,0
369,0.6,1.0,-360.56,0,0,1,0,0
370,0.2,1.0,-95.86,0,0,1,0,0
371,0.2,1.0,-101.04,0,0,1,0,0
372,0.3,1.0,-168.38,0,0,1,0,0
373,0.3,1.0,-157.85,0,0,1,0,0
374,0.4,1.0,-259.27,0,0,1,0,0
375,0.4,1.0,-224.68,0,0,1,0,0
376,0.5,1.0,-336.37,0,0,1,0,0
377,0.5,1.0,-285.85,0,0,1,0,0
378,0.6,1.0,-413.52,0,0,1,0,0
379,0.6,1.0,-351.05,0,0,1,0,0
380,0.2,1.0,-97.7,0,0,1,0,0
381,0.2,1.0,-102.02,0,0,1,0,0
382,0.3,1.0,-172.03,0,0,1,0,0
383,0.3,1.0,-158.71,0,0,1,0,0
384,0.4,1.0,-261.38,0,0,1,0,0
385,0.4,1.0,-224.8,0,0,1,0,0
386,0.5,1.0,-328.87,0,0,1,0,0
387,0.5,1.0,-278.99,0,0,1,0,0
388,0.6,1.0,-395.35,0,0,1,0,0
389,0.6,1.0,-334.79,0,0,1,0,0
390,0.2,1.0,-98.99,0,0,1,0,0
391,0.2,1.0,-101.34,0,0,1,0,0
392,0.3,1.0,-174.99,0,0,1,0,0
393,0.3,1.0,-157.25,0,0,1,0,0
394,0.4,1.0,-258.76,0,0,1,0,0
395,0.4,1.0,-222.1,0,0,1,0,0
396,0.5,1.0,-318.91,0,0,1,0,0
397,0.5,1.0,-269.47,0,0,1,0,0
398,0.6,1.0,-383.93,0,0,1,0,0
399,0.6,1.0,-325.01,0,0,1,0,0
400,0.2,1.0,-68.13,0,0,0,1,0
401,0.2,1.0,-53.77,0,0,0,1,0
402,0.3,1.0,-108.27,0,0,0,1,0
403,0.3,1.0,-91.8,0,0,0,1,0
404,0.4,1.0,-153.07,0,0,0,1,0
405,0.4,1.0,-135.1,0,0,0,1,0
406,0.5,1.0,-181.96,0,0,0,1,0
407,0.5,1.0,-165.24,0,0,0,1,0
408,0.6,1.0,-216.15,0,0,0,1,0
409,0.6,1.0,-202.26,0,0,0,1,0
410,0.2,1.0,-69.54,0,0,0,1,0
411,0.2,1.0,-55.73,0,0,0,1,0
412,0.3,1.0,-109.49,0,0,0,1,0
413,0.3,1.0,-93.98,0,0,0,1,0
414,0.4,1.0,-151.26,0,0,0,1,0
415,0.4,1.0,-134.78,0,0,0,1,0
416,0.5,1.0,-174.59,0,0,0,1,0
417,0.5,1.0,-161.28,0,0,0,1,0
418,0.6,1.0,-205.61,0,0,0,1,0
419,0.6,1.0,-195.44,0,0,0,1,0
420,0.2,1.0,-70.31,0,0,0,1,0
421,0.2,1.0,-57.01,0,0,0,1,0
422,0.3,1.0,-110.39,0,0,0,1,0
423,0.3,1.0,-95.45,0,0,0,1,0
424,0.4,1.0,-144.23,0,0,0,1,0
425,0.4,1.0,-129.9,0,0,0,1,0
426,0.5,1.0,-168.8,0,0,0,1,0
427,0.5,1.0,-157.56,0,0,0,1,0
428,0.6,1.0,-198.45,0,0,0,1,0
429,0.6,1.0,-190.72,0,0,0,1,0
430,0.2,1.0,-70.4,0,0,0,1,0
431,0.2,1.0,-57.63,0,0,0,1,0
432,0.3,1.0,-110.03,0,0,0,1,0
433,0.3,1.0,-95.97,0,0,0,1,0
434,0.4,1.0,-137.89,0,0,0,1,0
435,0.4,1.0,-125.45,0,0,0,1,0
436,0.5,1.0,-163.89,0,0,0,1,0
437,0.5,1.0,-154.37,0,0,0,1,0
438,0.6,1.0,-192.03,0,0,0,1,0
439,0.6,1.0,-186.27,0,0,0,1,0
440,0.2,1.0,-71.48,0,0,0,1,0
441,0.2,1.0,-57.84,0,0,0,1,0
442,0.3,1.0,-110.46,0,0,0,1,0
443,0.3,1.0,-95.21,0,0,0,1,0
444,0.4,1.0,-134.85,0,0,0,1,0
445,0.4,1.0,-122.39,0,0,0,1,0
446,0.5,1.0,-160.98,0,0,0,1,0
447,0.5,1.0,-152.93,0,0,0,1,0
448,0.6,1.0,-187.98,0,0,0,1,0
449,0.6,1.0,-183.8,0,0,0,1,0
450,0.2,1.0,-66.05,0,0,0,0,1
451,0.2,1.0,-55.55,0,0,0,0,1
452,0.3,1.0,-136.84,0,0,0,0,1
453,0.3,1.0,-112.44,0,0,0,0,1
454,0.4,1.0,-211.41,0,0,0,0,1
455,0.4,1.0,-176.55,0,0,0,0,1
456,0.5,1.0,-300.14,0,0,0,0,1
457,0.5,1.0,-252.75,0,0,0,0,1
458,0.6,1.0,-417.08,0,0,0,0,1
459,0.6,1.0,-353.5,0,0,0,0,1
460,0.2,1.0,-73.04,0,0,0,0,1
461,0.2,1.0,-60.95,0,0,0,0,1
462,0.3,1.0,-141.43,0,0,0,0,1
463,0.3,1.0,-116.96,0,0,0,0,1
464,0.4,1.0,-217.81,0,0,0,0,1
465,0.4,1.0,-183.1,0,0,0,0,1
466,0.5,1.0,-309.05,0,0,0,0,1
467,0.5,1.0,-261.66,0,0,0,0,1
468,0.6,1.0,-429.28,0,0,0,0,1
469,0.6,1.0,-365.93,0,0,0,0,1
470,0.2,1.0,-76.09,0,0,0,0,1
471,0.2,1.0,-63.93,0,0,0,0,1
472,0.3,1.0,-143.7,0,0,0,0,1
473,0.3,1.0,-119.61,0,0,0,0,1
474,0.4,1.0,-221.81,0,0,0,0,1
475,0.4,1.0,-187.0,0,0,0,0,1
476,0.5,1.0,-313.96,0,0,0,0,1
477,0.5,1.0,-266.76,0,0,0,0,1
478,0.6,1.0,-436.02,0,0,0,0,1
479,0.6,1.0,-372.47,0,0,0,0,1
480,0.2,1.0,-78.81,0,0,0,0,1
481,0.2,1.0,-65.68,0,0,0,0,1
482,0.3,1.0,-146.01,0,0,0,0,1
483,0.3,1.0,-121.49,0,0,0,0,1
484,0.4,1.0,-223.79,0,0,0,0,1
485,0.4,1.0,-189.51,0,0,0,0,1
486,0.5,1.0,-319.61,0,0,0,0,1
487,0.5,1.0,-271.93,0,0,0,0,1
488,0.6,1.0,-439.91,0,0,0,0,1
489,0.6,1.0,-376.66,0,0,0,0,1
490,0.2,1.0,-82.17,0,0,0,0,1
491,0.2,1.0,-67.91,0,0,0,0,1
492,0.3,1.0,-149.03,0,0,0,0,1
493,0.3,1.0,-123.4,0,0,0,0,1
494,0.4,1.0,-225.73,0,0,0,0,1
495,0.4,1.0,-191.28,0,0,0,0,1
496,0.5,1.0,-322.75,0,0,0,0,1
497,0.5,1.0,-274.53,0,0,0,0,1
498,0.6,1.0,-447.74,0,0,0,0,1
499,0.6,1.0,-381.94,0,0,0,0,1
500,0.2,0.67,-11.23,1,0,0,0,0
501,0.2,0.67,-14.21,1,0,0,0,0
502,0.3,0.67,-18.71,1,0,0,0,0
503,0.3,0.67,-22.65,1,0,0,0,0
504,0.4,0.67,-27.32,1,0,0,0,0
505,0.4,0.67,-32.39,1,0,0,0,0
506,0.5,0.67,-35.28,1,0,0,0,0
507,0.5,0.67,-40.72,1,0,0,0,0
508,0.6,0.67,-40.63,1,0,0,0,0
509,0.6,0.67,-49.87,1,0,0,0,0
510,0.2,0.67,-12.44,1,0,0,0,0
511,0.2,0.67,-15.44,1,0,0,0,0
512,0.3,0.67,-21.13,1,0,0,0,0
513,0.3,0.67,-25.53,1,0,0,0,0
514,0.4,0.67,-30.45,1,0,0,0,0
515,0.4,0.67,-36.22,1,0,0,0,0
516,0.5,0.67,-36.85,1,0,0,0,0
517,0.5,0.67,-45.11,1,0,0,0,0
518,0.6,0.67,-45.4,1,0,0,0,0
519,0.6,0.67,-55.16,1,0,0,0,0
520,0.2,0.67,-13.75,1,0,0,0,0
521,0.2,0.67,-16.72,1,0,0,0,0
522,0.3,0.67,-24.0,1,0,0,0,0
523,0.3,0.67,-28.29,1,0,0,0,0
524,0.4,0.67,-33.91,1,0,0,0,0
525,0.4,0.67,-39.95,1,0,0,0,0
526,0.5,0.67,-40.96,1,0,0,0,0
527,0.5,0.67,-49.43,1,0,0,0,0
528,0.6,0.67,-49.91,1,0,0,0,0
529,0.6,0.67,-60.11,1,0,0,0,0
530,0.2,0.67,-15.05,1,0,0,0,0
531,0.2,0.67,-17.98,1,0,0,0,0
532,0.3,0.67,-26.42,1,0,0,0,0
533,0.3,0.67,-30.65,1,0,0,0,0
534,0.4,0.67,-36.56,1,0,0,0,0
535,0.4,0.67,-43.0,1,0,0,0,0
536,0.5,0.67,-43.81,1,0,0,0,0
537,0.5,0.67,-52.73,1,0,0,0,0
538,0.6,0.67,-53.89,1,0,0,0,0
539,0.6,0.67,-64.35,1,0,0,0,0
540,0.2,0.67,-16.67,1,0,0,0,0
541,0.2,0.67,-19.11,1,0,0,0,0
542,0.3,0.67,-28.69,1,0,0,0,0
543,0.3,0.67,-32.58,1,0,0,0,0
544,0.4,0.67,-39.62,1,0,0,0,0
545,0.4,0.67,-45.68,1,0,0,0,0
546,0.5,0.67,-47.16,1,0,0,0,0
547,0.5,0.67,-55.65,1,0,0,0,0
548,0.6,0.67,-57.2,1,0,0,0,0
549,0.6,0.67,-67.68,1,0,0,0,0
550,0.2,0.67,-35.68,0,1,0,0,0
551,0.2,0.67,-55.46,0,1,0,0,0
552,0.3,0.67,-44.41,0,1,0,0,0
553,0.3,0.67,-62.35,0,1,0,0,0
554,0.4,0.67,-56.36,0,1,0,0,0
555,0.4,0.67,-72.43,0,1,0,0,0
556,0.5,0.67,-66.26,0,1,0,0,0
557,0.5,0.67,-80.33,0,1,0,0,0
558,0.6,0.67,-79.56,0,1,0,0,0
559,0.6,0.67,-91.76,0,1,0,0,0
560,0.2,0.67,-34.99,0,1,0,0,0
561,0.2,0.67,-54.77,0,1,0,0,0
562,0.3,0.67,-45.11,0,1,0,0,0
563,0.3,0.67,-62.89,0,1,0,0,0
564,0.4,0.67,-56.03,0,1,0,0,0
565,0.4,0.67,-72.68,0,1,0,0,0
566,0.5,0.67,-65.75,0,1,0,0,0
567,0.5,0.67,-80.24,0,1,0,0,0
568,0.6,0.67,-76.75,0,1,0,0,0
569,0.6,0.67,-89.86,0,1,0,0,0
570,0.2,0.67,-35.99,0,1,0,0,0
571,0.2,0.67,-54.37,0,1,0,0,0
572,0.3,0.67,-45.34,0,1,0,0,0
573,0.3,0.67,-62.7,0,1,0,0,0
574,0.4,0.67,-54.89,0,1,0,0,0
575,0.4,0.67,-71.23,0,1,0,0,0
576,0.5,0.67,-64.63,0,1,0,0,0
577,0.5,0.67,-79.05,0,1,0,0,0
578,0.6,0.67,-74.92,0,1,0,0,0
579,0.6,0.67,-88.07,0,1,0,0,0
580,0.2,0.67,-35.85,0,1,0,0,0
581,0.2,0.67,-53.94,0,1,0,0,0
582,0.3,0.67,-45.24,0,1,0,0,0
583,0.3,0.67,-62.31,0,1,0,0,0
584,0.4,0.67,-53.55,0,1,0,0,0
585,0.4,0.67,-69.54,0,1,0,0,0
586,0.5,0.67,-63.43,0,1,0,0,0
587,0.5,0.67,-77.51,0,1,0,0,0
588,0.6,0.67,-73.38,0,1,0,0,0
589,0.6,0.67,-86.43,0,1,0,0,0
590,0.2,0.67,-35.88,0,1,0,0,0
591,0.2,0.67,-53.42,0,1,0,0,0
592,0.3,0.67,-45.3,0,1,0,0,0
593,0.3,0.67,-62.02,0,1,0,0,0
594,0.4,0.67,-53.81,0,1,0,0,0
595,0.4,0.67,-68.74,0,1,0,0,0
596,0.5,0.67,-62.3,0,1,0,0,0
597,0.5,0.67,-76.12,0,1,0,0,0
598,0.6,0.67,-72.33,0,1,0,0,0
599,0.6,0.67,-84.57,0,1,0,0,0
600,0.2,0.67,-31.86,0,0,1,0,0
601,0.2,0.67,-47.42,0,0,1,0,0
602,0.3,0.67,-45.81,0,0,1,0,0
603,0.3,0.67,-61.16,0,0,1,0,0
604,0.4,0.67,-61.55,0,0,1,0,0
605,0.4,0.67,-76.42,0,0,1,0,0
606,0.5,0.67,-76.12,0,0,1,0,0
607,0.5,0.67,-89.12,0,0,1,0,0
608,0.6,0.67,-94.11,0,0,1,0,0
609,0.6,0.67,-104.97,0,0,1,0,0
610,0.2,0.67,-32.66,0,0,1,0,0
611,0.2,0.67,-47.88,0,0,1,0,0
612,0.3,0.67,-46.52,0,0,1,0,0
613,0.3,0.67,-62.03,0,0,1,0,0
614,0.4,0.67,-62.06,0,0,1,0,0
615,0.4,0.67,-77.14,0,0,1,0,0
616,0.5,0.67,-77.12,0,0,1,0,0
617,0.5,0.67,-90.14,0,0,1,0,0
618,0.6,0.67,-93.95,0,0,1,0,0
619,0.6,0.67,-105.24,0,0,1,0,0
620,0.2,0.67,-33.08,0,0,1,0,0
621,0.2,0.67,-48.11,0,0,1,0,0
622,0.3,0.67,-47.17,0,0,1,0,0
623,0.3,0.67,-62.03,0,0,1,0,0
624,0.4,0.67,-61.91,0,0,1,0,0
625,0.4,0.67,-76.65,0,0,1,0,0
626,0.5,0.67,-76.94,0,0,1,0,0
627,0.5,0.67,-89.64,0,0,1,0,0
628,0.6,0.67,-93.07,0,0,1,0,0
629,0.6,0.67,-103.93,0,0,1,0,0
630,0.2,0.67,-33.24,0,0,1,0,0
631,0.2,0.67,-47.89,0,0,1,0,0
632,0.3,0.67,-47.07,0,0,1,0,0
633,0.3,0.67,-62.04,0,0,1,0,0
634,0.4,0.67,-60.93,0,0,1,0,0
635,0.4,0.67,-75.29,0,0,1,0,0
636,0.5,0.67,-75.37,0,0,1,0,0
637,0.5,0.67,-87.8,0,0,1,0,0
638,0.6,0.67,-91.04,0,0,1,0,0
639,0.6,0.67,-101.96,0,0,1,0,0
640,0.2,0.67,-33.97,0,0,1,0,0
641,0.2,0.67,-47.36,0,0,1,0,0
642,0.3,0.67,-47.83,0,0,1,0,0
643,0.3,0.67,-61.44,0,0,1,0,0
644,0.4,0.67,-60.91,0,0,1,0,0
645,0.4,0.67,-72.88,0,0,1,0,0
646,0.5,0.67,-75.2,0,0,1,0,0
647,0.5,0.67,-85.82,0,0,1,0,0
648,0.6,0.67,-89.76,0,0,1,0,0
649,0.6,0.67,-99.85,0,0,1,0,0
650,0.2,0.67,-26.8,0,0,0,1,0
651,0.2,0.67,-35.6,0,0,0,1,0
652,0.3,0.67,-36.76,0,0,0,1,0
653,0.3,0.67,-45.27,0,0,0,1,0
654,0.4,0.67,-44.8,0,0,0,1,0
655,0.4,0.67,-53.48,0,0,0,1,0
656,0.5,0.67,-51.52,0,0,0,1,0
657,0.5,0.67,-59.54,0,0,0,1,0
658,0.6,0.67,-60.38,0,0,0,1,0
659,0.6,0.67,-67.51,0,0,0,1,0
660,0.2,0.67,-25.81,0,0,0,1,0
661,0.2,0.67,-34.7,0,0,0,1,0
662,0.3,0.67,-36.48,0,0,0,1,0
663,0.3,0.67,-45.64,0,0,0,1,0
664,0.4,0.67,-43.29,0,0,0,1,0
665,0.4,0.67,-51.95,0,0,0,1,0
666,0.5,0.67,-50.28,0,0,0,1,0
667,0.5,0.67,-58.17,0,0,0,1,0
668,0.6,0.67,-57.74,0,0,0,1,0
669,0.6,0.67,-65.2,0,0,0,1,0
670,0.2,0.67,-25.49,0,0,0,1,0
671,0.2,0.67,-34.16,0,0,0,1,0
672,0.3,0.67,-36.67,0,0,0,1,0
673,0.3,0.67,-45.47,0,0,0,1,0
674,0.4,0.67,-42.21,0,0,0,1,0
675,0.4,0.67,-50.9,0,0,0,1,0
676,0.5,0.67,-48.84,0,0,0,1,0
677,0.5,0.67,-56.82,0,0,0,1,0
678,0.6,0.67,-56.0,0,0,0,1,0
679,0.6,0.67,-63.28,0,0,0,1,0
680,0.2,0.67,-25.41,0,0,0,1,0
681,0.2,0.67,-34.22,0,0,0,1,0
682,0.3,0.67,-36.3,0,0,0,1,0
683,0.3,0.67,-45.23,0,0,0,1,0
684,0.4,0.67,-40.97,0,0,0,1,0
685,0.4,0.67,-49.57,0,0,0,1,0
686,0.5,0.67,-48.07,0,0,0,1,0
687,0.5,0.67,-55.73,0,0,0,1,0
688,0.6,0.67,-54.33,0,0,0,1,0
689,0.6,0.67,-61.54,0,0,0,1,0
690,0.2,0.67,-26.78,0,0,0,1,0
691,0.2,0.67,-33.71,0,0,0,1,0
692,0.3,0.67,-36.78,0,0,0,1,0
693,0.3,0.67,-44.76,0,0,0,1,0
694,0.4,0.67,-41.49,0,0,0,1,0
695,0.4,0.67,-48.17,0,0,0,1,0
696,0.5,0.67,-48.57,0,0,0,1,0
697,0.5,0.67,-54.13,0,0,0,1,0
698,0.6,0.67,-54.94,0,0,0,1,0
699,0.6,0.67,-60.11,0,0,0,1,0
700,0.2,0.67,-27.45,0,0,0,0,1
701,0.2,0.67,-40.42,0,0,0,0,1
702,0.3,0.67,-42.1,0,0,0,0,1
703,0.3,0.67,-56.14,0,0,0,0,1
704,0.4,0.67,-58.24,0,0,0,0,1
705,0.4,0.67,-72.12,0,0,0,0,1
706,0.5,0.67,-76.97,0,0,0,0,1
707,0.5,0.67,-90.61,0,0,0,0,1
708,0.6,0.67,-99.22,0,0,0,0,1
709,0.6,0.67,-112.17,0,0,0,0,1
710,0.2,0.67,-28.79,0,0,0,0,1
711,0.2,0.67,-41.95,0,0,0,0,1
712,0.3,0.67,-43.33,0,0,0,0,1
713,0.3,0.67,-56.89,0,0,0,0,1
714,0.4,0.67,-59.68,0,0,0,0,1
715,0.4,0.67,-73.88,0,0,0,0,1
716,0.5,0.67,-78.96,0,0,0,0,1
717,0.5,0.67,-93.1,0,0,0,0,1
718,0.6,0.67,-101.14,0,0,0,0,1
719,0.6,0.67,-114.64,0,0,0,0,1
720,0.2,0.67,-29.59,0,0,0,0,1
721,0.2,0.67,-42.61,0,0,0,0,1
722,0.3,0.67,-43.82,0,0,0,0,1
723,0.3,0.67,-57.46,0,0,0,0,1
724,0.4,0.67,-60.44,0,0,0,0,1
725,0.4,0.67,-74.61,0,0,0,0,1
726,0.5,0.67,-80.18,0,0,0,0,1
727,0.5,0.67,-94.38,0,0,0,0,1
728,0.6,0.67,-101.48,0,0,0,0,1
729,0.6,0.67,-115.36,0,0,0,0,1
730,0.2,0.67,-29.98,0,0,0,0,1
731,0.2,0.67,-42.7,0,0,0,0,1
732,0.3,0.67,-44.41,0,0,0,0,1
733,0.3,0.67,-57.8,0,0,0,0,1
734,0.4,0.67,-60.99,0,0,0,0,1
735,0.4,0.67,-75.15,0,0,0,0,1
736,0.5,0.67,-80.38,0,0,0,0,1
737,0.5,0.67,-94.5,0,0,0,0,1
738,0.6,0.67,-100.91,0,0,0,0,1
739,0.6,0.67,-114.82,0,0,0,0,1
740,0.2,0.67,-30.95,0,0,0,0,1
741,0.2,0.67,-42.82,0,0,0,0,1
742,0.3,0.67,-45.26,0,0,0,0,1
743,0.3,0.67,-57.19,0,0,0,0,1
744,0.4,0.67,-62.17,0,0,0,0,1
745,0.4,0.67,-75.36,0,0,0,0,1
746,0.5,0.67,-80.85,0,0,0,0,1
747,0.5,0.67,-93.97,0,0,0,0,1
748,0.6,0.67,-100.5,0,0,0,0,1
749,0.6,0.67,-113.82,0,0,0,0,1
750,0.2,0.33,-11.98,1,0,0,0,0
751,0.2,0.33,-10.99,1,0,0,0,0
752,0.3,0.33,-19.12,1,0,0,0,0
753,0.3,0.33,-17.28,1,0,0,0,0
754,0.4,0.33,-33.13,1,0,0,0,0
755,0.4,0.33,-28.45,1,0,0,0,0
756,0.5,0.33,-48.83,1,0,0,0,0
757,0.5,0.33,-40.77,1,0,0,0,0
758,0.6,0.33,-62.49,1,0,0,0,0
759,0.6,0.33,-50.82,1,0,0,0,0
760,0.2,0.33,-12.15,1,0,0,0,0
761,0.2,0.33,-11.33,1,0,0,0,0
762,0.3,0.33,-22.33,1,0,0,0,0
763,0.3,0.33,-19.95,1,0,0,0,0
764,0.4,0.33,-39.82,1,0,0,0,0
765,0.4,0.33,-33.64,1,0,0,0,0
766,0.5,0.33,-56.9,1,0,0,0,0
767,0.5,0.33,-46.77,1,0,0,0,0
768,0.6,0.33,-73.32,1,0,0,0,0
769,0.6,0.33,-58.96,1,0,0,0,0
770,0.2,0.33,-12.58,1,0,0,0,0
771,0.2,0.33,-11.74,1,0,0,0,0
772,0.3,0.33,-26.67,1,0,0,0,0
773,0.3,0.33,-23.34,1,0,0,0,0
774,0.4,0.33,-46.48,1,0,0,0,0
775,0.4,0.33,-38.69,1,0,0,0,0
776,0.5,0.33,-65.95,1,0,0,0,0
777,0.5,0.33,-53.46,1,0,0,0,0
778,0.6,0.33,-84.53,1,0,0,0,0
779,0.6,0.33,-67.21,1,0,0,0,0
780,0.2,0.33,-13.79,1,0,0,0,0
781,0.2,0.33,-12.82,1,0,0,0,0
782,0.3,0.33,-30.56,1,0,0,0,0
783,0.3,0.33,-26.18,1,0,0,0,0
784,0.4,0.33,-52.3,1,0,0,0,0
785,0.4,0.33,-42.98,1,0,0,0,0
786,0.5,0.33,-73.81,1,0,0,0,0
787,0.5,0.33,-59.19,1,0,0,0,0
788,0.6,0.33,-94.41,1,0,0,0,0
789,0.6,0.33,-74.4,1,0,0,0,0
790,0.2,0.33,-15.73,1,0,0,0,0
791,0.2,0.33,-13.87,1,0,0,0,0
792,0.3,0.33,-34.54,1,0,0,0,0
793,0.3,0.33,-28.65,1,0,0,0,0
794,0.4,0.33,-57.44,1,0,0,0,0
795,0.4,0.33,-46.26,1,0,0,0,0
796,0.5,0.33,-80.37,1,0,0,0,0
797,0.5,0.33,-63.49,1,0,0,0,0
798,0.6,0.33,-102.94,1,0,0,0,0
799,0.6,0.33,-80.25,1,0,0,0,0
800,0.2,0.33,-58.41,0,1,0,0,0
801,0.2,0.33,-38.66,0,1,0,0,0
802,0.3,0.33,-83.58,0,1,0,0,0
803,0.3,0.33,-57.33,0,1,0,0,0
804,0.4,0.33,-110.24,0,1,0,0,0
805,0.4,0.33,-76.8,0,1,0,0,0
806,0.5,0.33,-133.77,0,1,0,0,0
807,0.5,0.33,-96.13,0,1,0,0,0
808,0.6,0.33,-171.05,0,1,0,0,0
809,0.6,0.33,-124.15,0,1,0,0,0
810,0.2,0.33,-59.68,0,1,0,0,0
811,0.2,0.33,-40.01,0,1,0,0,0
812,0.3,0.33,-84.75,0,1,0,0,0
813,0.3,0.33,-58.75,0,1,0,0,0
814,0.4,0.33,-109.91,0,1,0,0,0
815,0.4,0.33,-77.28,0,1,0,0,0
816,0.5,0.33,-130.65,0,1,0,0,0
817,0.5,0.33,-94.69,0,1,0,0,0
818,0.6,0.33,-161.81,0,1,0,0,0
819,0.6,0.33,-118.7,0,1,0,0,0
820,0.2,0.33,-60.12,0,1,0,0,0
821,0.2,0.33,-40.73,0,1,0,0,0
822,0.3,0.33,-85.19,0,1,0,0,0
823,0.3,0.33,-59.47,0,1,0,0,0
824,0.4,0.33,-108.08,0,1,0,0,0
825,0.4,0.33,-76.43,0,1,0,0,0
826,0.5,0.33,-127.51,0,1,0,0,0
827,0.5,0.33,-92.88,0,1,0,0,0
828,0.6,0.33,-155.54,0,1,0,0,0
829,0.6,0.33,-114.76,0,1,0,0,0
830,0.2,0.33,-60.41,0,1,0,0,0
831,0.2,0.33,-41.2,0,1,0,0,0
832,0.3,0.33,-84.73,0,1,0,0,0
833,0.3,0.33,-59.31,0,1,0,0,0
834,0.4,0.33,-106.46,0,1,0,0,0
835,0.4,0.33,-75.39,0,1,0,0,0
836,0.5,0.33,-124.62,0,1,0,0,0
837,0.5,0.33,-90.88,0,1,0,0,0
838,0.6,0.33,-151.56,0,1,0,0,0
839,0.6,0.33,-112.58,0,1,0,0,0
840,0.2,0.33,-60.87,0,1,0,0,0
841,0.2,0.33,-39.88,0,1,0,0,0
842,0.3,0.33,-84.22,0,1,0,0,0
843,0.3,0.33,-57.58,0,1,0,0,0
844,0.4,0.33,-105.32,0,1,0,0,0
845,0.4,0.33,-73.36,0,1,0,0,0
846,0.5,0.33,-122.59,0,1,0,0,0
847,0.5,0.33,-88.28,0,1,0,0,0
848,0.6,0.33,-146.99,0,1,0,0,0
849,0.6,0.33,-109.52,0,1,0,0,0
850,0.2,0.33,-59.41,0,0,1,0,0
851,0.2,0.33,-61.86,0,0,1,0,0
852,0.3,0.33,-91.65,0,0,1,0,0
853,0.3,0.33,-81.02,0,0,1,0,0
854,0.4,0.33,-131.05,0,0,1,0,0
855,0.4,0.33,-105.51,0,0,1,0,0
856,0.5,0.33,-165.68,0,0,1,0,0
857,0.5,0.33,-126.3,0,0,1,0,0
858,0.6,0.33,-207.16,0,0,1,0,0
859,0.6,0.33,-153.44,0,0,1,0,0
860,0.2,0.33,-61.16,0,0,1,0,0
861,0.2,0.33,-62.92,0,0,1,0,0
862,0.3,0.33,-93.55,0,0,1,0,0
863,0.3,0.33,-82.39,0,0,1,0,0
864,0.4,0.33,-133.11,0,0,1,0,0
865,0.4,0.33,-107.27,0,0,1,0,0
866,0.5,0.33,-168.62,0,0,1,0,0
867,0.5,0.33,-128.94,0,0,1,0,0
868,0.6,0.33,-210.85,0,0,1,0,0
869,0.6,0.33,-157.01,0,0,1,0,0
870,0.2,0.33,-61.8,0,0,1,0,0
871,0.2,0.33,-62.99,0,0,1,0,0
872,0.3,0.33,-94.15,0,0,1,0,0
873,0.3,0.33,-82.45,0,0,1,0,0
874,0.4,0.33,-133.24,0,0,1,0,0
875,0.4,0.33,-107.15,0,0,1,0,0
876,0.5,0.33,-165.33,0,0,1,0,0
877,0.5,0.33,-126.55,0,0,1,0,0
878,0.6,0.33,-204.6,0,0,1,0,0
879,0.6,0.33,-152.81,0,0,1,0,0
880,0.2,0.33,-61.94,0,0,1,0,0
881,0.2,0.33,-62.78,0,0,1,0,0
882,0.3,0.33,-94.46,0,0,1,0,0
883,0.3,0.33,-82.39,0,0,1,0,0
884,0.4,0.33,-131.54,0,0,1,0,0
885,0.4,0.33,-105.6,0,0,1,0,0
886,0.5,0.33,-160.74,0,0,1,0,0
887,0.5,0.33,-123.08,0,0,1,0,0
888,0.6,0.33,-195.49,0,0,1,0,0
889,0.6,0.33,-146.26,0,0,1,0,0
890,0.2,0.33,-62.34,0,0,1,0,0
891,0.2,0.33,-61.87,0,0,1,0,0
892,0.3,0.33,-95.09,0,0,1,0,0
893,0.3,0.33,-81.53,0,0,1,0,0
894,0.4,0.33,-128.23,0,0,1,0,0
895,0.4,0.33,-102.05,0,0,1,0,0
896,0.5,0.33,-156.31,0,0,1,0,0
897,0.5,0.33,-119.71,0,0,1,0,0
898,0.6,0.33,-187.95,0,0,1,0,0
899,0.6,0.33,-140.79,0,0,1,0,0
900,0.2,0.33,-44.1,0,0,0,1,0
901,0.2,0.33,-35.02,0,0,0,1,0
902,0.3,0.33,-66.13,0,0,0,1,0
903,0.3,0.33,-50.43,0,0,0,1,0
904,0.4,0.33,-90.29,0,0,0,1,0
905,0.4,0.33,-68.0,0,0,0,1,0
906,0.5,0.33,-101.74,0,0,0,1,0
907,0.5,0.33,-76.53,0,0,0,1,0
908,0.6,0.33,-117.67,0,0,0,1,0
909,0.6,0.33,-88.63,0,0,0,1,0
910,0.2,0.33,-44.67,0,0,0,1,0
911,0.2,0.33,-35.39,0,0,0,1,0
912,0.3,0.33,-66.62,0,0,0,1,0
913,0.3,0.33,-50.84,0,0,0,1,0
914,0.4,0.33,-84.41,0,0,0,1,0
915,0.4,0.33,-63.94,0,0,0,1,0
916,0.5,0.33,-97.11,0,0,0,1,0
917,0.5,0.33,-73.35,0,0,0,1,0
918,0.6,0.33,-111.06,0,0,0,1,0
919,0.6,0.33,-83.98,0,0,0,1,0
920,0.2,0.33,-44.5,0,0,0,1,0
921,0.2,0.33,-35.27,0,0,0,1,0
922,0.3,0.33,-66.6,0,0,0,1,0
923,0.3,0.33,-50.98,0,0,0,1,0
924,0.4,0.33,-80.79,0,0,0,1,0
925,0.4,0.33,-61.24,0,0,0,1,0
926,0.5,0.33,-93.34,0,0,0,1,0
927,0.5,0.33,-70.67,0,0,0,1,0
928,0.6,0.33,-106.18,0,0,0,1,0
929,0.6,0.33,-80.45,0,0,0,1,0
930,0.2,0.33,-44.34,0,0,0,1,0
931,0.2,0.33,-34.97,0,0,0,1,0
932,0.3,0.33,-66.58,0,0,0,1,0
933,0.3,0.33,-50.93,0,0,0,1,0
934,0.4,0.33,-78.07,0,0,0,1,0
935,0.4,0.33,-59.27,0,0,0,1,0
936,0.5,0.33,-89.95,0,0,0,1,0
937,0.5,0.33,-68.18,0,0,0,1,0
938,0.6,0.33,-101.46,0,0,0,1,0
939,0.6,0.33,-77.06,0,0,0,1,0
940,0.2,0.33,-44.8,0,0,0,1,0
941,0.2,0.33,-35.17,0,0,0,1,0
942,0.3,0.33,-66.2,0,0,0,1,0
943,0.3,0.33,-50.42,0,0,0,1,0
944,0.4,0.33,-76.8,0,0,0,1,0
945,0.4,0.33,-58.26,0,0,0,1,0
946,0.5,0.33,-87.09,0,0,0,1,0
947,0.5,0.33,-65.55,0,0,0,1,0
948,0.6,0.33,-98.14,0,0,0,1,0
949,0.6,0.33,-73.89,0,0,0,1,0
950,0.2,0.33,-52.22,0,0,0,0,1
951,0.2,0.33,-41.67,0,0,0,0,1
952,0.3,0.33,-75.74,0,0,0,0,1
953,0.3,0.33,-57.7,0,0,0,0,1
954,0.4,0.33,-109.1,0,0,0,0,1
955,0.4,0.33,-83.42,0,0,0,0,1
956,0.5,0.33,-149.62,0,0,0,0,1
957,0.5,0.33,-114.96,0,0,0,0,1
958,0.6,0.33,-197.35,0,0,0,0,1
959,0.6,0.33,-151.92,0,0,0,0,1
960,0.2,0.33,-54.15,0,0,0,0,1
961,0.2,0.33,-42.91,0,0,0,0,1
962,0.3,0.33,-77.43,0,0,0,0,1
963,0.3,0.33,-59.33,0,0,0,0,1
964,0.4,0.33,-112.04,0,0,0,0,1
965,0.4,0.33,-86.16,0,0,0,0,1
966,0.5,0.33,-155.04,0,0,0,0,1
967,0.5,0.33,-119.56,0,0,0,0,1
968,0.6,0.33,-205.77,0,0,0,0,1
969,0.6,0.33,-159.3,0,0,0,0,1
970,0.2,0.33,-54.72,0,0,0,0,1
971,0.2,0.33,-43.04,0,0,0,0,1
972,0.3,0.33,-78.19,0,0,0,0,1
973,0.3,0.33,-60.05,0,0,0,0,1
974,0.4,0.33,-113.36,0,0,0,0,1
975,0.4,0.33,-87.5,0,0,0,0,1
976,0.5,0.33,-157.68,0,0,0,0,1
977,0.5,0.33,-121.95,0,0,0,0,1
978,0.6,0.33,-207.96,0,0,0,0,1
979,0.6,0.33,-161.6,0,0,0,0,1
980,0.2,0.33,-54.54,0,0,0,0,1
981,0.2,0.33,-42.61,0,0,0,0,1
982,0.3,0.33,-78.67,0,0,0,0,1
983,0.3,0.33,-60.59,0,0,0,0,1
984,0.4,0.33,-114.31,0,0,0,0,1
985,0.4,0.33,-88.44,0,0,0,0,1
986,0.5,0.33,-158.35,0,0,0,0,1
987,0.5,0.33,-122.77,0,0,0,0,1
988,0.6,0.33,-207.15,0,0,0,0,1
989,0.6,0.33,-161.37,0,0,0,0,1
990,0.2,0.33,-54.47,0,0,0,0,1
991,0.2,0.33,-41.87,0,0,0,0,1
992,0.3,0.33,-79.15,0,0,0,0,1
993,0.3,0.33,-60.58,0,0,0,0,1
994,0.4,0.33,-115.72,0,0,0,0,1
995,0.4,0.33,-89.26,0,0,0,0,1
996,0.5,0.33,-159.23,0,0,0,0,1
997,0.5,0.33,-122.95,0,0,0,0,1
998,0.6,0.33,-200.98,0,0,0,0,1
999,0.6,0.33,-157.18,0,0,0,0,1
1000,0.2,0.0,-9.4,1,0,0,0,0
1001,0.2,0.0,-7.95,1,0,0,0,0
1002,0.3,0.0,-21.44,1,0,0,0,0
1003,0.3,0.0,-17.46,1,0,0,0,0
1004,0.4,0.0,-34.39,1,0,0,0,0
1005,0.4,0.0,-27.35,1,0,0,0,0
1006,0.5,0.0,-48.61,1,0,0,0,0
1007,0.5,0.0,-39.91,1,0,0,0,0
1008,0.6,0.0,-63.62,1,0,0,0,0
1009,0.6,0.0,-53.14,1,0,0,0,0
1010,0.2,0.0,-13.18,1,0,0,0,0
1011,0.2,0.0,-12.01,1,0,0,0,0
1012,0.3,0.0,-26.46,1,0,0,0,0
1013,0.3,0.0,-22.75,1,0,0,0,0
1014,0.4,0.0,-41.48,1,0,0,0,0
1015,0.4,0.0,-34.6,1,0,0,0,0
1016,0.5,0.0,-56.74,1,0,0,0,0
1017,0.5,0.0,-48.68,1,0,0,0,0
1018,0.6,0.0,-73.45,1,0,0,0,0
1019,0.6,0.0,-63.17,1,0,0,0,0
1020,0.2,0.0,-18.61,1,0,0,0,0
1021,0.2,0.0,-16.29,1,0,0,0,0
1022,0.3,0.0,-32.84,1,0,0,0,0
1023,0.3,0.0,-28.72,1,0,0,0,0
1024,0.4,0.0,-49.32,1,0,0,0,0
1025,0.4,0.0,-42.29,1,0,0,0,0
1026,0.5,0.0,-65.87,1,0,0,0,0
1027,0.5,0.0,-57.89,1,0,0,0,0
1028,0.6,0.0,-84.45,1,0,0,0,0
1029,0.6,0.0,-73.99,1,0,0,0,0
1030,0.2,0.0,-21.88,1,0,0,0,0
1031,0.2,0.0,-19.81,1,0,0,0,0
1032,0.3,0.0,-38.18,1,0,0,0,0
1033,0.3,0.0,-33.77,1,0,0,0,0
1034,0.4,0.0,-56.27,1,0,0,0,0
1035,0.4,0.0,-48.93,1,0,0,0,0
1036,0.5,0.0,-74.09,1,0,0,0,0
1037,0.5,0.0,-65.99,1,0,0,0,0
1038,0.6,0.0,-92.61,1,0,0,0,0
1039,0.6,0.0,-83.37,1,0,0,0,0
1040,0.2,0.0,-24.84,1,0,0,0,0
1041,0.2,0.0,-22.36,1,0,0,0,0
1042,0.3,0.0,-42.61,1,0,0,0,0
1043,0.3,0.0,-37.94,1,0,0,0,0
1044,0.4,0.0,-60.47,1,0,0,0,0
1045,0.4,0.0,-53.86,1,0,0,0,0
1046,0.5,0.0,-80.67,1,0,0,0,0
1047,0.5,0.0,-72.62,1,0,0,0,0
1048,0.6,0.0,-101.14,1,0,0,0,0
1049,0.6,0.0,-91.33,1,0,0,0,0
1050,0.2,0.0,-48.45,0,1,0,0,0
1051,0.2,0.0,-56.17,0,1,0,0,0
1052,0.3,0.0,-94.77,0,1,0,0,0
1053,0.3,0.0,-87.56,0,1,0,0,0
1054,0.4,0.0,-144.2,0,1,0,0,0
1055,0.4,0.0,-125.19,0,1,0,0,0
1056,0.5,0.0,-203.85,0,1,0,0,0
1057,0.5,0.0,-167.42,0,1,0,0,0
1058,0.6,0.0,-263.8,0,1,0,0,0
1059,0.6,0.0,-218.03,0,1,0,0,0
1060,0.2,0.0,-52.71,0,1,0,0,0
1061,0.2,0.0,-59.26,0,1,0,0,0
1062,0.3,0.0,-98.57,0,1,0,0,0
1063,0.3,0.0,-89.2,0,1,0,0,0
1064,0.4,0.0,-149.15,0,1,0,0,0
1065,0.4,0.0,-126.75,0,1,0,0,0
1066,0.5,0.0,-206.98,0,1,0,0,0
1067,0.5,0.0,-169.59,0,1,0,0,0
1068,0.6,0.0,-269.29,0,1,0,0,0
1069,0.6,0.0,-220.77,0,1,0,0,0
1070,0.2,0.0,-57.09,0,1,0,0,0
1071,0.2,0.0,-60.88,0,1,0,0,0
1072,0.3,0.0,-100.87,0,1,0,0,0
1073,0.3,0.0,-90.63,0,1,0,0,0
1074,0.4,0.0,-153.09,0,1,0,0,0
1075,0.4,0.0,-127.88,0,1,0,0,0
1076,0.5,0.0,-210.05,0,1,0,0,0
1077,0.5,0.0,-170.99,0,1,0,0,0
1078,0.6,0.0,-274.14,0,1,0,0,0
1079,0.6,0.0,-222.0,0,1,0,0,0
1080,0.2,0.0,-60.23,0,1,0,0,0
1081,0.2,0.0,-61.76,0,1,0,0,0
1082,0.3,0.0,-106.92,0,1,0,0,0
1083,0.3,0.0,-91.52,0,1,0,0,0
1084,0.4,0.0,-157.94,0,1,0,0,0
1085,0.4,0.0,-128.49,0,1,0,0,0
1086,0.5,0.0,-210.78,0,1,0,0,0
1087,0.5,0.0,-171.39,0,1,0,0,0
1088,0.6,0.0,-274.14,0,1,0,0,0
1089,0.6,0.0,-221.0,0,1,0,0,0
1090,0.2,0.0,-62.88,0,1,0,0,0
1091,0.2,0.0,-62.89,0,1,0,0,0
1092,0.3,0.0,-108.56,0,1,0,0,0
1093,0.3,0.0,-93.26,0,1,0,0,0
1094,0.4,0.0,-157.61,0,1,0,0,0
1095,0.4,0.0,-129.42,0,1,0,0,0
1096,0.5,0.0,-214.45,0,1,0,0,0
1097,0.5,0.0,-171.58,0,1,0,0,0
1098,0.6,0.0,-277.29,0,1,0,0,0
1099,0.6,0.0,-219.58,0,1,0,0,0
1100,0.2,0.0,-62.12,0,0,1,0,0
1101,0.2,0.0,-65.95,0,0,1,0,0
1102,0.3,0.0,-111.79,0,0,1,0,0
1103,0.3,0.0,-109.16,0,0,1,0,0
1104,0.4,0.0,-171.12,0,0,1,0,0
1105,0.4,0.0,-155.86,0,0,1,0,0
1106,0.5,0.0,-223.76,0,0,1,0,0
1107,0.5,0.0,-209.93,0,0,1,0,0
1108,0.6,0.0,-288.01,0,0,1,0,0
1109,0.6,0.0,-269.96,0,0,1,0,0
1110,0.2,0.0,-74.65,0,0,1,0,0
1111,0.2,0.0,-68.38,0,0,1,0,0
1112,0.3,0.0,-116.27,0,0,1,0,0
1113,0.3,0.0,-109.51,0,0,1,0,0
1114,0.4,0.0,-173.44,0,0,1,0,0
1115,0.4,0.0,-157.52,0,0,1,0,0
1116,0.5,0.0,-228.82,0,0,1,0,0
1117,0.5,0.0,-212.0,0,0,1,0,0
1118,0.6,0.0,-292.81,0,0,1,0,0
1119,0.6,0.0,-272.04,0,0,1,0,0
1120,0.2,0.0,-80.61,0,0,1,0,0
1121,0.2,0.0,-69.71,0,0,1,0,0
1122,0.3,0.0,-119.26,0,0,1,0,0
1123,0.3,0.0,-110.41,0,0,1,0,0
1124,0.4,0.0,-175.38,0,0,1,0,0
1125,0.4,0.0,-158.87,0,0,1,0,0
1126,0.5,0.0,-231.08,0,0,1,0,0
1127,0.5,0.0,-213.05,0,0,1,0,0
1128,0.6,0.0,-296.68,0,0,1,0,0
1129,0.6,0.0,-271.47,0,0,1,0,0
1130,0.2,0.0,-81.01,0,0,1,0,0
1131,0.2,0.0,-70.72,0,0,1,0,0
1132,0.3,0.0,-126.52,0,0,1,0,0
1133,0.3,0.0,-110.98,0,0,1,0,0
1134,0.4,0.0,-183.94,0,0,1,0,0
1135,0.4,0.0,-159.84,0,0,1,0,0
1136,0.5,0.0,-230.44,0,0,1,0,0
1137,0.5,0.0,-213.17,0,0,1,0,0
1138,0.6,0.0,-294.04,0,0,1,0,0
1139,0.6,0.0,-269.0,0,0,1,0,0
1140,0.2,0.0,-86.34,0,0,1,0,0
1141,0.2,0.0,-71.04,0,0,1,0,0
1142,0.3,0.0,-129.71,0,0,1,0,0
1143,0.3,0.0,-112.33,0,0,1,0,0
1144,0.4,0.0,-182.08,0,0,1,0,0
1145,0.4,0.0,-160.74,0,0,1,0,0
1146,0.5,0.0,-229.94,0,0,1,0,0
1147,0.5,0.0,-211.24,0,0,1,0,0
1148,0.6,0.0,-294.2,0,0,1,0,0
1149,0.6,0.0,-266.83,0,0,1,0,0
1150,0.2,0.0,-60.65,0,0,0,1,0
1151,0.2,0.0,-56.38,0,0,0,1,0
1152,0.3,0.0,-105.31,0,0,0,1,0
1153,0.3,0.0,-86.28,0,0,0,1,0
1154,0.4,0.0,-148.3,0,0,0,1,0
1155,0.4,0.0,-117.76,0,0,0,1,0
1156,0.5,0.0,-180.36,0,0,0,1,0
1157,0.5,0.0,-137.76,0,0,0,1,0
1158,0.6,0.0,-219.73,0,0,0,1,0
1159,0.6,0.0,-164.51,0,0,0,1,0
1160,0.2,0.0,-62.54,0,0,0,1,0
1161,0.2,0.0,-56.68,0,0,0,1,0
1162,0.3,0.0,-104.33,0,0,0,1,0
1163,0.3,0.0,-85.74,0,0,0,1,0
1164,0.4,0.0,-147.54,0,0,0,1,0
1165,0.4,0.0,-114.04,0,0,0,1,0
1166,0.5,0.0,-182.08,0,0,0,1,0
1167,0.5,0.0,-133.1,0,0,0,1,0
1168,0.6,0.0,-217.25,0,0,0,1,0
1169,0.6,0.0,-159.49,0,0,0,1,0
1170,0.2,0.0,-66.37,0,0,0,1,0
1171,0.2,0.0,-57.25,0,0,0,1,0
1172,0.3,0.0,-104.69,0,0,0,1,0
1173,0.3,0.0,-85.93,0,0,0,1,0
1174,0.4,0.0,-150.89,0,0,0,1,0
1175,0.4,0.0,-109.68,0,0,0,1,0
1176,0.5,0.0,-178.98,0,0,0,1,0
1177,0.5,0.0,-129.79,0,0,0,1,0
1178,0.6,0.0,-211.37,0,0,0,1,0
1179,0.6,0.0,-155.89,0,0,0,1,0
1180,0.2,0.0,-69.99,0,0,0,1,0
1181,0.2,0.0,-57.49,0,0,0,1,0
1182,0.3,0.0,-109.66,0,0,0,1,0
1183,0.3,0.0,-86.03,0,0,0,1,0
1184,0.4,0.0,-149.9,0,0,0,1,0
1185,0.4,0.0,-106.5,0,0,0,1,0
1186,0.5,0.0,-186.32,0,0,0,1,0
1187,0.5,0.0,-127.54,0,0,0,1,0
1188,0.6,0.0,-213.69,0,0,0,1,0
1189,0.6,0.0,-153.26,0,0,0,1,0
1190,0.2,0.0,-69.99,0,0,0,1,0
1191,0.2,0.0,-58.49,0,0,0,1,0
1192,0.3,0.0,-110.79,0,0,0,1,0
1193,0.3,0.0,-86.69,0,0,0,1,0
1194,0.4,0.0,-153.44,0,0,0,1,0
1195,0.4,0.0,-104.72,0,0,0,1,0
1196,0.5,0.0,-183.04,0,0,0,1,0
1197,0.5,0.0,-126.16,0,0,0,1,0
1198,0.6,0.0,-210.51,0,0,0,1,0
1199,0.6,0.0,-150.14,0,0,0,1,0
1200,0.2,0.0,-54.35,0,0,0,0,1
1201,0.2,0.0,-56.09,0,0,0,0,1
1202,0.3,0.0,-88.23,0,0,0,0,1
1203,0.3,0.0,-90.54,0,0,0,0,1
1204,0.4,0.0,-128.65,0,0,0,0,1
1205,0.4,0.0,-132.19,0,0,0,0,1
1206,0.5,0.0,-173.71,0,0,0,0,1
1207,0.5,0.0,-179.36,0,0,0,0,1
1208,0.6,0.0,-231.3,0,0,0,0,1
1209,0.6,0.0,-239.19,0,0,0,0,1
1210,0.2,0.0,-56.14,0,0,0,0,1
1211,0.2,0.0,-57.35,0,0,0,0,1
1212,0.3,0.0,-90.74,0,0,0,0,1
1213,0.3,0.0,-92.6,0,0,0,0,1
1214,0.4,0.0,-132.16,0,0,0,0,1
1215,0.4,0.0,-135.36,0,0,0,0,1
1216,0.5,0.0,-178.79,0,0,0,0,1
1217,0.5,0.0,-183.93,0,0,0,0,1
1218,0.6,0.0,-239.06,0,0,0,0,1
1219,0.6,0.0,-246.53,0,0,0,0,1
1220,0.2,0.0,-57.71,0,0,0,0,1
1221,0.2,0.0,-58.37,0,0,0,0,1
1222,0.3,0.0,-92.83,0,0,0,0,1
1223,0.3,0.0,-93.91,0,0,0,0,1
1224,0.4,0.0,-134.83,0,0,0,0,1
1225,0.4,0.0,-137.56,0,0,0,0,1
1226,0.5,0.0,-182.33,0,0,0,0,1
1227,0.5,0.0,-187.16,0,0,0,0,1
1228,0.6,0.0,-243.12,0,0,0,0,1
1229,0.6,0.0,-250.3,0,0,0,0,1
1230,0.2,0.0,-58.36,0,0,0,0,1
1231,0.2,0.0,-58.92,0,0,0,0,1
1232,0.3,0.0,-94.31,0,0,0,0,1
1233,0.3,0.0,-95.13,0,0,0,0,1
1234,0.4,0.0,-136.44,0,0,0,0,1
1235,0.4,0.0,-138.96,0,0,0,0,1
1236,0.5,0.0,-184.7,0,0,0,0,1
1237,0.5,0.0,-189.32,0,0,0,0,1
1238,0.6,0.0,-246.15,0,0,0,0,1
1239,0.6,0.0,-252.8,0,0,0,0,1
1240,0.2,0.0,-59.0,0,0,0,0,1
1241,0.2,0.0,-59.26,0,0,0,0,1
1242,0.3,0.0,-94.97,0,0,0,0,1
1243,0.3,0.0,-95.51,0,0,0,0,1
1244,0.4,0.0,-137.28,0,0,0,0,1
1245,0.4,0.0,-139.36,0,0,0,0,1
1246,0.5,0.0,-186.98,0,0,0,0,1
1247,0.5,0.0,-191.19,0,0,0,0,1
1248,0.6,0.0,-248.98,0,0,0,0,1
1249,0.6,0.0,-255.23,0,0,0,0,1
